rank,uri,artist_names,track_name,source,peak_rank,previous_rank,weeks_on_chart,streams,week
1,"spotify:track:0AjmK0Eai4zGrLaJwPvrDp","Hozier","Too Sweet","Columbia",1,2,3,"22622634",2024-04-11
2,"spotify:track:2tudvzsrR56uom6smgOcSf","Future, Metro Boomin, Kendrick Lamar","Like That","Wilburn Holding Co./Boominati/Epic/Republic",1,1,3,"19043600",2024-04-11
3,"spotify:track:2GxrNKugF82CnoRFbQfzPf","Artemas","i like the way you kiss me","Artemas",3,4,3,"12472418",2024-04-11
4,"spotify:track:3xkHsmpQCBMytMJNiDf3Ii","Benson Boone","Beautiful Things","Night Street Records, Inc./Warner Records Inc.",1,5,12,"11264986",2024-04-11
5,"spotify:track:3w0w2T288dec0mgeZZqoNN","¥$, Kanye West, Ty Dolla $ign, Rich The Kid, Playboi Carti","CARNIVAL","Ye",1,3,9,"10776044",2024-04-11
6,"spotify:track:3qhlB30KknSejmIvZZLjOD","Djo","End of Beginning","Djo",3,9,8,"9794469",2024-04-11
7,"spotify:track:51ZQ1vr10ffzbwIjDCwqm4","Ariana Grande","we can't be friends (wait for your love)","Republic Records",2,7,5,"9495196",2024-04-11
8,"spotify:track:28drn6tQo95MRvO0jQEo5C","Future, Metro Boomin, Travis Scott, Playboi Carti","Type Shit","Wilburn Holding Co./Boominati/Epic/Republic",3,10,3,"9442761",2024-04-11
9,"spotify:track:4KULAymBBJcPRpk1yO4dOG","Zach Bryan, Kacey Musgraves","I Remember Everything (feat. Kacey Musgraves)","Warner Records",1,12,33,"9096210",2024-04-11
10,"spotify:track:0mflMxspEfB0VbI1kyLiAv","Noah Kahan","Stick Season","Mercury Records/Republic Records",2,14,76,"8918480",2024-04-11
11,"spotify:track:2mhdhTWqT8RhkTlN2yWZZi","J. Cole","7 Minute Drill","Cole World, Inc. under exclusive license to Interscope Records",11,-1,1,"8568534",2024-04-11
12,"spotify:track:1bjeWoagtHmUKputLVyDxQ","SZA","Saturn","Top Dawg Entertainment/RCA Records",5,18,7,"8013533",2024-04-11
13,"spotify:track:42VsgItocQwOQC3XWZ8JNA","Travis Scott, Playboi Carti","FE!N (feat. Playboi Carti)","Cactus Jack/Epic",2,23,37,"7483682",2024-04-11
14,"spotify:track:17phhZDn6oGtzMe56NuWvj","Teddy Swims","Lose Control","Warner Records",10,19,22,"7482258",2024-04-11
15,"spotify:track:7wLShogStyDeZvL0a6daN5","Beyoncé","TEXAS HOLD 'EM","Parkwood Entertainment/Columbia",2,6,9,"7343314",2024-04-11
16,"spotify:track:3Pbp7cUCx4d3OAkZSCoNvn","Michael Marcagi","Scared To Start","Warner Records",16,29,12,"7171421",2024-04-11
17,"spotify:track:1yfKakY4rvI17lk20ekuRA","J. Cole","Crocodile Tearz","Cole World, Inc. under exclusive license to Interscope Records",17,-1,1,"6980062",2024-04-11
18,"spotify:track:52eIcoLUM25zbQupAZYoFh","21 Savage","redrum","Slaughter Gang, LLC/Epic Records",1,22,13,"6677105",2024-04-11
19,"spotify:track:7aQ1tSYr518KwnE4SVSQbT","Bryson Tiller","Whatever She Wants [BONUS]","TrapSoul/RCA Records",7,15,8,"6585285",2024-04-11
20,"spotify:track:2uqYupMHANxnwgeiXTZXzd","Dasha","Austin (Boots Stop Workin')","Warner Records",20,41,5,"6521465",2024-04-11
21,"spotify:track:3rUGC1vUpkDG9CZFHMur1t","Tate McRae","greedy","RCA Records Label",4,28,30,"6384990",2024-04-11
22,"spotify:track:51eSHglvG1RJXtL3qI5trr","Benson Boone","Slow It Down","Night Street Records, Inc./Warner Records Inc.",22,36,3,"6377673",2024-04-11
23,"spotify:track:6XjDF6nds4DE2BBbagZol6","FloyyMenor, Cris Mj","Gata Only","FloyyMenor under exclusive license to UnitedMasters LLC",23,55,5,"6355654",2024-04-11
24,"spotify:track:0hKtu53OlIFXVuYkZwcn3o","Future, Metro Boomin, Travis Scott","Cinderella","Wilburn Holding Co./Boominati/Epic/Republic",8,17,3,"5955149",2024-04-11
25,"spotify:track:1BxfuPKGuaTgP7aM0Bbdwr","Taylor Swift","Cruel Summer","Taylor Swift",2,32,74,"5845651",2024-04-11
26,"spotify:track:3WMj8moIAXJhHsyLaqIIHI","Zach Bryan","Something in the Orange","Warner Records",4,31,103,"5715974",2024-04-11
27,"spotify:track:7K3BhSpAxZBznislvUMVtn","Morgan Wallen","Last Night","Big Loud Records / Mercury Records / Republic Records",1,35,63,"5692162",2024-04-11
28,"spotify:track:2MjXWroB9wlTG2kqv3avfS","Sexyy Red","Get It Sexyy","Open Shift/gamma.",28,34,4,"5545150",2024-04-11
29,"spotify:track:69phA1R4gmQsBFRQ3INW8C","Rich Amiri","ONE CALL","Internet Money Records / 10K Projects",14,37,13,"5472896",2024-04-11
30,"spotify:track:6zuPQl2RVqQ4y5nAH61CFC","Beyoncé, Miley Cyrus","II MOST WANTED","Parkwood Entertainment/Columbia",8,8,2,"5445221",2024-04-11
31,"spotify:track:2cH8wHImerFokgmhjyhCTU","J. Cole","Huntin’ Wabbitz","Cole World, Inc. under exclusive license to Interscope Records",31,-1,1,"5369478",2024-04-11
32,"spotify:track:6tNgRQ0K2NYZ0Rb9l9DzL8","Olivia Rodrigo","obsessed","Olivia Rodrigo PS",11,30,3,"5217082",2024-04-11
33,"spotify:track:3vkCueOmm7xQDoJ17W1Pm3","Mitski","My Love Mine All Mine","Dead Oceans",3,39,30,"5177513",2024-04-11
34,"spotify:track:0WbMK4wrZ1wFSty9F7FCgu","Chappell Roan","Good Luck, Babe!","Chappell Roan PS/ Island",34,-1,1,"5038854",2024-04-11
35,"spotify:track:2w5BtuWXISpB6NM4xPoeiR","J. Cole, Ari Lennox, Young Dro, Gucci Mane","Pricey (feat. Ari Lennox, Young Dro & Gucci Mane)","Cole World, Inc. under exclusive license to Interscope Records",35,-1,1,"5032577",2024-04-11
36,"spotify:track:0PAcdVzhPO4gq1Iym9ESnK","Morgan Wallen","Thinkin’ Bout Me","Big Loud Records / Mercury Records / Republic Records",9,50,58,"4997425",2024-04-11
37,"spotify:track:4xhsWYTOGcal8zt0J161CU","Jack Harlow","Lovin On Me","Generation Now/Atlantic",1,38,22,"4990720",2024-04-11
38,"spotify:track:5RMTsrJkrtumtiIZjy7dL6","J. Cole, Bas, Central Cee","H.Y.B. (feat. Bas & Central Cee)","Cole World, Inc. under exclusive license to Interscope Records",38,-1,1,"4971880",2024-04-11
39,"spotify:track:4QTlxavdQGUVitxAvQqqkU","BigXthaPlug","Mmhmm","BigXthaPlug under exclusive license to UnitedMasters LLC",39,68,17,"4880623",2024-04-11
40,"spotify:track:7mOC6phfrfz3jfigg1aGsE","GloRilla, Megan Thee Stallion","Wanna Be (with Megan Thee Stallion)","CMG/Interscope Records",40,-1,1,"4848185",2024-04-11
41,"spotify:track:5W4kiM2cUYBJXKRudNyxjW","Morgan Wallen","You Proof","Big Loud Records / Mercury Records / Republic Records",8,61,100,"4767086",2024-04-11
42,"spotify:track:0eBFgRxyVSeuT4iyrbukdn","Luke Combs","Where the Wild Things Are","River House Artists/Columbia Nashville",42,67,9,"4687063",2024-04-11
43,"spotify:track:2Zo1PcszsT9WQ0ANntJbID","Sabrina Carpenter","Feather","Island Records",20,72,20,"4644246",2024-04-11
44,"spotify:track:0R6NfOiLzLj4O5VbYSJAjf","Xavi","La Diabla","Interscope Records",6,58,17,"4630410",2024-04-11
45,"spotify:track:6me7F0aaZjwDo6RJ5MrfBD","Richy Mitch & The Coal Miners","Evergreen","Richy Mitch & The Coal Miners",40,60,29,"4559304",2024-04-11
46,"spotify:track:6dpLxbF7lfCAnC9QRTjNLK","Good Neighbours","Home","Some Action",35,64,11,"4525534",2024-04-11
47,"spotify:track:1aKvZDoLGkNMxoRYgkckZG","ILLIT","Magnetic","BELIFT LAB",47,63,2,"4501020",2024-04-11
48,"spotify:track:0dEAiKNbHt4mrjjoiL0loc","Xavi","Corazón de Piedra","Interscope Records",48,66,3,"4476145",2024-04-11
49,"spotify:track:6Y4rniIxibegzsg8cdWAWV","Beyoncé","BODYGUARD","Parkwood Entertainment/Columbia",13,13,2,"4371467",2024-04-11
50,"spotify:track:68Dni7IE4VyPkTOH9mRWHr","J. Cole","No Role Modelz","Roc Nation Records LLC",10,81,322,"4310602",2024-04-11
51,"spotify:track:6rjuKpPydT2SxN15TZpV7r","Lil Tecca","500lbs","Galactic Records/Lil Tecca",12,69,31,"4237316",2024-04-11
52,"spotify:track:4J9WveqdoaEUQu1aeoSH9X","J. Cole, Cam'ron","Ready ‘24 (feat. Cam’ron)","Cole World, Inc. under exclusive license to Interscope Records",52,-1,1,"4219667",2024-04-11
53,"spotify:track:3cBsEDNhFI9E82vPj3kvi3","Morgan Wallen","Wasted On You","Big Loud / Republic",3,74,168,"4203170",2024-04-11
54,"spotify:track:2x2olWuWXpqjoeE4bO1NFS","Flo Milli","Never Lose Me","'94 Sounds/RCA Records",6,51,15,"4191369",2024-04-11
55,"spotify:track:1ACA277B6f46DYCgZW8di3","Artemas","if u think i'm pretty","Artemas",55,94,5,"4165570",2024-04-11
56,"spotify:track:7sTyAjxDXq9afwfSQy6D0s","Don Toliver","BANDIT","Cactus Jack / Atlantic",15,54,10,"4097561",2024-04-11
57,"spotify:track:4iZ4pt7kvcaH6Yo8UoZ4s2","SZA","Snooze","Top Dawg Entertainment/RCA Records",10,62,70,"4085025",2024-04-11
58,"spotify:track:2UDARQiksl207HcSduDpov","Beyoncé, Post Malone","LEVII'S JEANS","Parkwood Entertainment/Columbia",16,16,2,"4050305",2024-04-11
59,"spotify:track:3h76tbaYIamSeJL81X7ZwI","Benson Boone","Cry","Night Street Records, Inc./Warner Records Inc.",59,-1,1,"4008411",2024-04-11
60,"spotify:track:7CyPwkp0oE8Ro9Dd5CUDjW","The Weeknd, JENNIE, Lily-Rose Depp","One Of The Girls (with JENNIE, Lily Rose Depp)","XO / Republic Records",18,78,20,"3970811",2024-04-11
61,"spotify:track:1yeB8MUNeLo9Ek1UEpsyz6","Drake, Sexyy Red, SZA","Rich Baby Daddy (feat. Sexyy Red & SZA)","OVO/Republic",11,75,27,"3853859",2024-04-11
62,"spotify:track:2Dct3GykKZ58hpWRFfe2Qd","Zach Bryan","Heading South","Warner Records",36,71,74,"3842597",2024-04-11
63,"spotify:track:2kE2HFBFkJ0VMw3igxYohz","Jessie Murph, Jelly Roll","Wild Ones (feat. Jelly Roll)","Columbia",55,76,27,"3816268",2024-04-11
64,"spotify:track:3lMzT16MjAKKXF7pSZn13B","Lay Bankz","Tell Ur Girlfriend","Artist Partner Group, Inc.",64,-1,1,"3812223",2024-04-11
65,"spotify:track:1pnDvUuAEd6z8bKEsbAjk1","Future, Metro Boomin","We Don't Trust You","Wilburn Holding Co./Boominati/Epic/Republic",9,46,3,"3807619",2024-04-11
66,"spotify:track:1kuGVB7EU95pJObxwvfwKS","Olivia Rodrigo","vampire","Olivia Rodrigo PS",1,77,41,"3725572",2024-04-11
67,"spotify:track:7EWtB4NKYY3NqBl31PVip9","Peso Pluma, Tito Double P, Joel De La P","LA PEOPLE II","Double P Records",48,73,3,"3688541",2024-04-11
68,"spotify:track:0Lmbke3KNVFXtoH2mMSHCw","Ariana Grande","the boy is mine","Republic Records",5,52,5,"3686240",2024-04-11
69,"spotify:track:3hxIUxnT27p5WcmjGUXNwx","Hotel Ugly","Shut up My Moms Calling","Hotel Ugly, under exclusive license to Amuseio AB",29,96,84,"3681945",2024-04-11
70,"spotify:track:1VxEaXbIq3xAvqh80xP67w","Beyoncé","JOLENE","Parkwood Entertainment/Columbia",11,11,2,"3673427",2024-04-11
71,"spotify:track:6dBUzqjtbnIa1TwYbyw5CM","TV Girl","Lovers Rock","TV Girl",38,83,73,"3642124",2024-04-11
72,"spotify:track:3OxL6MuctgZp1e0zxoAZhH","Future, Metro Boomin, The Weeknd","Young Metro","Wilburn Holding Co./Boominati/Epic/Republic",10,48,3,"3637922",2024-04-11
73,"spotify:track:7aqfrAY2p9BUSiupwk3svU","Drake, J. Cole","First Person Shooter (feat. J. Cole)","OVO/Republic",2,89,27,"3626604",2024-04-11
74,"spotify:track:1tTKy8pW1dMaXJm7bYrSzA","J. Cole","Stickz N Stonez","Cole World, Inc. under exclusive license to Interscope Records",74,-1,1,"3602684",2024-04-11
75,"spotify:track:5NAOhPAZ57eFAXr3qatS6i","Yeat","Breathe","Field Trip Recordings/Capitol Records",15,70,8,"3600180",2024-04-11
76,"spotify:track:3xKsf9qdS1CyvXSMEid6g8","Frank Ocean","Pink + White","Boys Don't Cry",30,79,87,"3597135",2024-04-11
77,"spotify:track:7yNf9YjeO5JXUE3JEBgnYc","Dominic Fike","Babydoll","Columbia",77,111,6,"3592570",2024-04-11
78,"spotify:track:7fveJ3pk1eSfxBdVkzdXZ0","Morgan Wallen, ERNEST","Cowgirls (feat. ERNEST)","Big Loud Records / Mercury Records / Republic Records",32,103,51,"3565792",2024-04-11
79,"spotify:track:3SAga35lAPYdjj3qyfEsCF","d4vd","Feel It - From The Original Series “Invincible”","Darkroom/Interscope Records",79,-1,1,"3549880",2024-04-11
80,"spotify:track:6XkIQqAsFjk1XfD4L7G6qR","J. Cole","Fever","Cole World, Inc. under exclusive license to Interscope Records",80,-1,1,"3529153",2024-04-11
81,"spotify:track:7hrFCoyWwKep7qp1lP4oga","BigXthaPlug","Back On My BS","BigXthaPlug under exclusive license to UnitedMasters LLC",81,160,3,"3498641",2024-04-11
82,"spotify:track:1SjsVdSXpwm1kTdYEHoPIT","Zach Bryan","Sun to Me","Warner Records",51,82,48,"3484010",2024-04-11
83,"spotify:track:5aIVCx5tnk0ntmdiinnYvw","Tyla","Water","FAX Records/Epic",23,84,28,"3473910",2024-04-11
84,"spotify:track:3FqUPvubYeRCMsdJ02QyZR","Fuerza Regida","TÚ NAME","Rancho Humilde/Street Mob Records",81,91,6,"3454117",2024-04-11
85,"spotify:track:4EWCNWgDS8707fNSZ1oaA5","Kanye West","Heartless","Roc-A-Fella",37,90,132,"3406596",2024-04-11
86,"spotify:track:1k1Bqnv2R0uJXQN4u6LKYt","Bill Withers","Ain't No Sunshine","Columbia/Legacy",86,-1,1,"3350584",2024-04-11
87,"spotify:track:7KA4W4McWYRpgf0fWsJZWB","Tyler, The Creator, Kali Uchis","See You Again (feat. Kali Uchis)","Columbia",5,80,145,"3322238",2024-04-11
88,"spotify:track:5PyDJG7SQRgWXefgexqIge","Doja Cat","Agora Hills","Kemosabe Records/RCA Records",6,92,29,"3321113",2024-04-11
89,"spotify:track:1eUGmzzvahJjOSWgDHuRlv","Miguel","Girl With The Tattoo Enter.lewd","Jive",89,156,14,"3294862",2024-04-11
90,"spotify:track:5XVdHRf4CAJ2Jm0uMIy5qY","Xavi","La Víctima","Interscope Records",16,107,19,"3287356",2024-04-11
91,"spotify:track:6wf7Yu7cxBSPrRlWeSeK0Q","Billie Eilish","What Was I Made For? [From The Motion Picture ""Barbie""]","Darkroom/Interscope Records",6,113,39,"3223349",2024-04-11
92,"spotify:track:1xK59OXxi2TAAAbmZK0kBL","d4vd","Romantic Homicide","Darkroom/Interscope Records",3,135,88,"3205973",2024-04-11
93,"spotify:track:5JRYVSZ6K2jY0kznYBmoqr","Tucker Wetmore","Wind Up Missin’ You","Tucker Wetmore",93,169,2,"3194822",2024-04-11
94,"spotify:track:1udwFobQ1JoOdWPQrp2b6u","JID, 21 Savage, Baby Tate","Surround Sound (feat. 21 Savage & Baby Tate)","Dreamville/Interscope",11,99,27,"3185601",2024-04-11
95,"spotify:track:0qRR9d89hIS0MHRkQ0ejxX","Daryl Hall & John Oates","Rich Girl","RCA Records Label",88,95,7,"3169776",2024-04-11
96,"spotify:track:2UikqkwBv7aIvlixeVXHWt","Chris Stapleton","You Should Probably Leave","Mercury Nashville",56,131,42,"3163141",2024-04-11
97,"spotify:track:4KW1lqgSr8TKrvBII0Brf8","Kanye West","Father Stretch My Hands Pt. 1","Rock The World/IDJ/Kanye LP7",27,98,111,"3160239",2024-04-11
98,"spotify:track:0OWhKvvsHptt6vnnNUSM9a","Zach Bryan","Oklahoma Smokeshow","Warner Records",70,88,39,"3151937",2024-04-11
99,"spotify:track:0NXRZaUn11do0EzDFlXkbj","J. Cole, Daylyt, Ab-Soul","Pi (feat. Daylyt & Ab-Soul)","Cole World, Inc. under exclusive license to Interscope Records",99,-1,1,"3122472",2024-04-11
100,"spotify:track:1Lo0QY9cvc8sUB2vnIOxDT","Luke Combs","Fast Car","River House Artists/Columbia Nashville",4,86,55,"3118182",2024-04-11
101,"spotify:track:7FOgcfdz9Nx5V9lCNXdBYv","Chappell Roan","Red Wine Supernova","Chappell Roan PS/ Island",101,-1,1,"3116154",2024-04-11
102,"spotify:track:3QS9ZCtoSCJhmaJ7QNXSAS","4batz, Drake","act ii: date @ 8 (feat. Drake) - remix","4batz / OVO Sound",27,87,5,"3105724",2024-04-11
103,"spotify:track:0K9tfzrxJyCQIf7oAlPwaK","Beyoncé","YA YA","Parkwood Entertainment/Columbia",27,27,2,"3101097",2024-04-11
104,"spotify:track:5A8xI7PN4WDe9e61xEdt94","GloRilla","Yeah Glo!","CMG/Interscope Records",76,137,5,"3095964",2024-04-11
105,"spotify:track:7DfFc7a6Rwfi3YQMRbDMau","Frank Ocean","Thinkin Bout You","Red Zone Entertainment / IDJ",42,125,15,"3086333",2024-04-11
106,"spotify:track:1xUddpWyEuYl5T3mduKnOJ","G-Eazy","Lady Killers II","G-EAZY",106,109,2,"3084805",2024-04-11
107,"spotify:track:3IznIgmXtrUaoPWpQTy5jB","TV Girl","Not Allowed","TV Girl",39,110,48,"3081655",2024-04-11
108,"spotify:track:3cmdqMDc0Fj4TgPeyDOYTM","$uicideboy$","Us Vs. Them","G59 Records",100,100,2,"3077217",2024-04-11
109,"spotify:track:5Jh1i0no3vJ9u4deXkb4aV","Olivia Rodrigo","so american","Olivia Rodrigo PS",27,85,3,"3071057",2024-04-11
110,"spotify:track:19kHhX6f6EfLU7rcO3RqjO","Jungle","Back On 74","Caiola Records",110,146,2,"3067228",2024-04-11
111,"spotify:track:4pCbJC43j3gSqG6Fen6upD","Zach Bryan, The War And Treaty","Hey Driver (feat. The War and Treaty)","Warner Records",3,108,33,"3049800",2024-04-11
112,"spotify:track:4E2fOeF5A6onC10OtnjXJa","J. Cole","Trae The Truth in Ibiza","Cole World, Inc. under exclusive license to Interscope Records",112,-1,1,"3028061",2024-04-11
113,"spotify:track:3zyjnHtoi8AtiGgZFnJP7O","J. Cole, Bas","Stealth Mode (feat. Bas)","Cole World, Inc. under exclusive license to Interscope Records",113,-1,1,"3022021",2024-04-11
114,"spotify:track:7ueuqvQkKA9k1Pys0hB5br","YG Marley","Praise Jah In The Moonlight","YG Marley Music/Hitmaker Distro",23,105,11,"3019793",2024-04-11
115,"spotify:track:6uIIdjYTxxpWOyWuVXrKQO","Calle 24, Chino Pacas, Fuerza Regida","Que Onda","Street Mob Records - Rancho Humilde",40,129,32,"3015691",2024-04-11
116,"spotify:track:2H2ytI7ompfNmRkI2sq8Uk","Camila Cabello, Playboi Carti","I LUV IT (feat. Playboi Carti)","Geffen/Interscope Records",59,59,2,"3010794",2024-04-11
117,"spotify:track:2YSzYUF3jWqb9YP9VXmpjE","Drake, Yeat","IDGAF (feat. Yeat)","OVO/Republic",1,106,27,"3007501",2024-04-11
118,"spotify:track:3azJifCSqg9fRij2yKIbWz","Tory Lanez","The Color Violet","One Umbrella Records",26,120,84,"2994866",2024-04-11
119,"spotify:track:3Ua0m0YmEjrMi9XErKcNiR","Jimin","Like Crazy","BIGHIT MUSIC",70,119,24,"2989663",2024-04-11
120,"spotify:track:4O2rRsoSPb5aN7N3tG6Y3v","Noah Kahan","Northern Attitude","Mercury Records/Republic Records",16,121,15,"2986953",2024-04-11
121,"spotify:track:698eQRku24PIYPQPHItKlA","Luke Combs","She Got the Best of Me","River House Artists/Columbia Nashville",121,-1,19,"2986079",2024-04-11
122,"spotify:track:2LawezPeJhN4AWuSB0GtAU","Creedence Clearwater Revival","Have You Ever Seen The Rain","Craft Recordings",94,151,17,"2976709",2024-04-11
123,"spotify:track:0RiRZpuVRbi7oqRdSMwhQY","Post Malone, Swae Lee","Sunflower - Spider-Man: Into the Spider-Verse","Republic Records",1,124,282,"2975193",2024-04-11
124,"spotify:track:5uQ7de4EWjb3rkcFxyEOpu","Mark Ambor","Belong Together","Hundred Days Records, LLC",124,-1,1,"2963877",2024-04-11
125,"spotify:track:73zawW1ttszLRgT9By826D","Morgan Wallen, Eric Church","Man Made A Bar (feat. Eric Church)","Big Loud Records / Mercury Records / Republic Records",13,117,24,"2952597",2024-04-11
126,"spotify:track:22VHOlVYBqytsrAqV8yXBK","Noah Kahan, Post Malone","Dial Drunk (with Post Malone)","Mercury Records/Republic Records",13,130,39,"2951937",2024-04-11
127,"spotify:track:2QjOHCTQ1Jl3zawyYOpxh6","The Neighbourhood","Sweater Weather","Columbia",13,115,190,"2950905",2024-04-11
128,"spotify:track:5D34wRmbFS29AjtTOP2QJe","Ariana Grande","yes, and?","Republic Records",1,93,13,"2947301",2024-04-11
129,"spotify:track:4RvWPyQ5RL0ao9LPZeSouE","Tears For Fears","Everybody Wants To Rule The World","UMC (Universal Music Catalogue)",49,166,86,"2926669",2024-04-11
130,"spotify:track:3GCdLUSnKSMJhs4Tj6CV3s","Kendrick Lamar, SZA","All The Stars (with SZA)","Black Panther (TDE/DMG) PS",2,138,83,"2914520",2024-04-11
131,"spotify:track:4dtIxANFBU6CfhI9c2hf2g","Dylan Gossett","Coal","Dylan Gossett",78,161,14,"2902815",2024-04-11
132,"spotify:track:2tznHmp70DxMyr2XhWLOW0","Cage The Elephant","Cigarette Daydreams","RCA Records Label",104,126,68,"2899020",2024-04-11
133,"spotify:track:3U5JVgI2x4rDyHGObzJfNf","Natasha Bedingfield","Unwritten","Sony Music CG",85,128,14,"2897477",2024-04-11
134,"spotify:track:3yrSvpt2l1xhsV9Em88Pul","Van Morrison","Brown Eyed Girl","Columbia/Legacy",134,148,9,"2884122",2024-04-11
135,"spotify:track:6dgUya35uo964z7GZXM07g","Sabrina Carpenter","Nonsense","Island Records",15,175,65,"2861743",2024-04-11
136,"spotify:track:56y1jOTK0XSvJzVv9vHQBK","Doja Cat","Paint The Town Red","Kemosabe Records/RCA Records",1,134,36,"2853788",2024-04-11
137,"spotify:track:7JRwdwgeTrYkJvwmecrPSW","J. Cole","3001","Cole World, Inc. under exclusive license to Interscope Records",137,-1,1,"2852769",2024-04-11
138,"spotify:track:6wsqVwoiVH2kde4k4KKAFU","Travis Scott","I KNOW ?","Cactus Jack/Epic",3,118,37,"2852728",2024-04-11
139,"spotify:track:0ofHAoxe9vBkTCp2UQIavz","Fleetwood Mac","Dreams - 2004 Remaster","Rhino/Warner Records",6,112,169,"2823866",2024-04-11
140,"spotify:track:5jfhLCSIFUO4ndzNRh4w4G","Zach Bryan","Burn, Burn, Burn","Warner Records",68,123,35,"2813978",2024-04-11
141,"spotify:track:1HbzxLqpNVPdiBXvpC7Ovb","The Red Clay Strays","Wondering Why","Red Clay Strays",83,133,19,"2805117",2024-04-11
142,"spotify:track:6GG73Jik4jUlQCkKg9JuGO","Jimmy Eat World","The Middle","Interscope",98,165,8,"2797072",2024-04-11
143,"spotify:track:2o1pb13quMReXZqE7jWsgq","Ariana Grande","intro (end of the world)","Republic Records",18,102,5,"2796672",2024-04-11
144,"spotify:track:4SqWKzw0CbA05TGszDgMlc","The Walters","I Love You So","Warner Records",9,170,84,"2782094",2024-04-11
145,"spotify:track:6J2LdBN97cDWn0MLxYh9HB","Noah Cyrus","July","Records/Columbia",56,-1,74,"2771576",2024-04-11
146,"spotify:track:3fqwjXwUGN6vbzIwvyFMhx","Chris Stapleton","Tennessee Whiskey","Mercury Nashville",92,143,149,"2767290",2024-04-11
147,"spotify:track:1zi7xx7UVEFkmKfv06H8x0","Drake, Wizkid, Kyla","One Dance","Cash Money Records/Young Money Ent./Universal Rec.",13,142,96,"2755234",2024-04-11
148,"spotify:track:7iQXYTyuG13aoeHxGG28Nh","Bad Bunny, Feid","PERRO NEGRO","Rimas Entertainment LLC",10,147,26,"2755073",2024-04-11
149,"spotify:track:0fCwTrRNfoNk962ati8n2K","Tyler Childers","All Your'n","Hickman Holler Records/RCA Records",115,192,42,"2752099",2024-04-11
150,"spotify:track:58ge6dfP91o9oXMzq3XkIS","Arctic Monkeys","505","Domino/Warner Records",18,139,169,"2739376",2024-04-11
151,"spotify:track:5TRPicyLGbAF2LGBFbHGvO","Kanye West, Dwele","Flashing Lights","Roc-A-Fella",53,136,117,"2731493",2024-04-11
152,"spotify:track:2fXwCWkh6YG5zU1IyvQrbs","SZA","Broken Clocks","Top Dawg Entertainment/RCA Records",130,172,7,"2728352",2024-04-11
153,"spotify:track:4E63weMCaNZuGPEFMnuEi8","Tate McRae","exes","RCA Records Label",16,132,21,"2725032",2024-04-11
154,"spotify:track:3NtCIBBz5pEAVGeHL4h5mS","Beyoncé, Dolly Parton","TYRANT","Parkwood Entertainment/Columbia",43,43,2,"2700474",2024-04-11
155,"spotify:track:6gBFPUFcJLzWGx4lenP6h2","Travis Scott","goosebumps","Cactus Jack / Epic",8,145,286,"2692201",2024-04-11
156,"spotify:track:5XeFesFbtLpXzIVDNQP22n","Arctic Monkeys","I Wanna Be Yours","Domino Recording Co",62,141,83,"2683089",2024-04-11
157,"spotify:track:69AIpwGNLxr4qS1X5ynx60","Jordan Davis, Luke Bryan","Buy Dirt","MCA Nashville",67,180,99,"2676525",2024-04-11
158,"spotify:track:5UcUppRaEIBMIHXiUFl7LI","Beyoncé, Linda Martell, Shaboozey","SPAGHETTII","Parkwood Entertainment/Columbia",26,26,2,"2669880",2024-04-11
159,"spotify:track:4BP3uh0hFLFRb5cjsgLqDh","Creedence Clearwater Revival","Fortunate Son","Craft Recordings",88,179,20,"2659579",2024-04-11
160,"spotify:track:2HbKqm4o0w5wEeEFXm2sD4","Kendrick Lamar, Jay Rock","Money Trees","Aftermath",41,171,173,"2655876",2024-04-11
161,"spotify:track:1Qrg8KqiBpW07V7PNxwwwL","SZA","Kill Bill","Top Dawg Entertainment/RCA Records",1,144,70,"2654405",2024-04-11
162,"spotify:track:3LJeR75SmszOUSvE1qNZDF","Beyoncé, Tanner Adell, Brittney Spencer, Tiera Kennedy, Reyna Roberts","BLACKBIIRD","Parkwood Entertainment/Columbia",21,21,2,"2652364",2024-04-11
163,"spotify:track:5gDWsRxpJ2lZAffh5p7K0w","The Weeknd, Lana Del Rey","Stargirl Interlude","Universal Republic Records",56,174,93,"2646089",2024-04-11
164,"spotify:track:1Rweq7vNjK4kZBbGrmxQsl","Ariana Grande","bye","Republic Records",6,97,5,"2639563",2024-04-11
165,"spotify:track:7x5ziCOQFir0AQN8dFisK6","Beyoncé","16 CARRIAGES","Parkwood Entertainment/Columbia",25,25,4,"2630404",2024-04-11
166,"spotify:track:72kGuWpRiuA149Bn5lDkIO","Bryan Martin","We Ride","Average Joes Entertainment",150,-1,9,"2616968",2024-04-11
167,"spotify:track:7jEpRsSusmGqKFISucMnV7","Khalid","Please Don't Fall In Love With Me","Right Hand Music Group, LLC/RCA Records",167,-1,1,"2616767",2024-04-11
168,"spotify:track:6Qb7YsAqH4wWFUMbGsCpap","Dua Lipa","Training Season","Warner Records",24,168,8,"2613644",2024-04-11
169,"spotify:track:003vvx7Niy0yvhvHt4a68B","The Killers","Mr. Brightside","Island Records",50,149,189,"2613252",2024-04-11
170,"spotify:track:7KXjTSCq5nL1LoYtL7XAwS","Kendrick Lamar","HUMBLE.","Aftermath",1,-1,195,"2611958",2024-04-11
171,"spotify:track:1QvDl9tBq6PsMVE7Bf2ZOV","Ole 60","smoke & a light","Red Door Records/Grey Area Music",122,177,3,"2609081",2024-04-11
172,"spotify:track:4PMqSO5qyjpvzhlLI5GnID","SZA","Good Days","Top Dawg Entertainment/RCA Records",1,155,140,"2598858",2024-04-11
173,"spotify:track:3Vlt0DKYBK0h3Vf92nywhp","Doja Cat","OKLOSER","Kemosabe Records/RCA Records",173,-1,1,"2586427",2024-04-11
174,"spotify:track:3EaJDYHA0KnX88JvDhL9oa","Steve Lacy","Dark Red","Three Quarter",16,140,140,"2586392",2024-04-11
175,"spotify:track:0wXThIDxO3YRJCpPgnmbkw","Bailey Zimmerman","Where It Ends","Warner Music Nashville/Elektra",38,-1,4,"2574836",2024-04-11
176,"spotify:track:5LhI8m7n8xlQmNe3b7Rwis","Natanael Cano, Oscar Maydon","Madonna","WEA Latina",127,127,3,"2572362",2024-04-11
177,"spotify:track:3dYD57lRAUcMHufyqn9GcI","Hozier","Take Me to Church","Columbia",141,153,24,"2566290",2024-04-11
178,"spotify:track:4o6BgsqLIBViaGVbx5rbRk","Daryl Hall & John Oates","You Make My Dreams (Come True)","RCA/BMG Heritage",178,-1,1,"2545873",2024-04-11
179,"spotify:track:6RcAHyC5sAUIbPTkhOQwd8","Junior H","Y LLORO","WEA Latina",95,-1,14,"2543884",2024-04-11
180,"spotify:track:5TXDeTFVRVY7Cvt0Dw4vWW","XXXTENTACION","Revenge","Bad Vibes Forever / EMPIRE",25,-1,86,"2539336",2024-04-11
181,"spotify:track:6K4t31amVTZDgR3sKmwUJJ","Tame Impala","The Less I Know The Better","Universal Music Australia Pty. Ltd.",117,189,138,"2538007",2024-04-11
182,"spotify:track:2QfX9Pdz3q66fN3kCXl0Js","Zach Bryan","Revival","Warner Records",124,152,19,"2536388",2024-04-11
183,"spotify:track:4HMop4Re0iucehmF7mgV27","4batz","act ii: date @ 8","4Batz",27,122,14,"2535125",2024-04-11
184,"spotify:track:4OMJGnvZfDvsePyCwRGO7X","Dua Lipa","Houdini","Warner Records",18,154,19,"2532889",2024-04-11
185,"spotify:track:2LBqCSwhJGcFQeTHMVGwy3","The Weeknd","Die For You","Universal Republic Records",8,164,161,"2527510",2024-04-11
186,"spotify:track:5RqSsdzTNPX1uzkmlHCFvK","KAROL G, Peso Pluma","QLONA","Bichota/Interscope Records",16,-1,34,"2522702",2024-04-11
187,"spotify:track:1aXV8GrmQLvgoFtBPERP7E","Eyedress","Jealous","Lex Records",137,-1,31,"2518739",2024-04-11
188,"spotify:track:0WIv5qV41y6YjjB9V1biuC","Muni Long","Made For Me","Supergiant Records, LLC / Def Jam Recordings",65,173,9,"2518395",2024-04-11
189,"spotify:track:5NU6kBZORKaoqS09mOqgXs","Chayce Beckham","23","Wheelhouse Records",189,-1,1,"2509364",2024-04-11
190,"spotify:track:7FAFkQQZFeNwOFzTrSDFIh","Mac Miller, Empire Of The Sun","The Spins","Rostrum Records",61,157,129,"2508158",2024-04-11
191,"spotify:track:4rXLjWdF2ZZpXCVTfWcshS","Gunna","fukumean","300 Entertainment",1,116,43,"2504362",2024-04-11
192,"spotify:track:779jpZikRmH99DiSVpwCHD","310babii","soak city (do it)","HIGH IQ / EMPIRE",102,-1,8,"2498339",2024-04-11
193,"spotify:track:1Iq8oo9XkmmvCQiGOfORiz","Taylor Swift","Is It Over Now? (Taylor's Version) (From The Vault)","Taylor Swift",1,197,24,"2492228",2024-04-11
194,"spotify:track:43PuMrRfbyyuz4QpZ3oAwN","Bryson Tiller","Exchange","TrapSoul/RCA Records",84,200,64,"2492219",2024-04-11
195,"spotify:track:4lH6nENd1y81jp7Yt9lTBX","Future","Solo","Epic/Freebandz/A1",123,-1,28,"2488697",2024-04-11
196,"spotify:track:0vjeOZ3Ft5jvAi9SBFJm1j","Metro Boomin, Future, Chris Brown","Superhero (Heroes & Villains) [with Future & Chris Brown]","Republic Records",2,191,71,"2488222",2024-04-11
197,"spotify:track:0V3wPSX9ygBnCm8psDIegu","Taylor Swift","Anti-Hero","Taylor Swift",1,167,77,"2480063",2024-04-11
198,"spotify:track:3kx21xR6IboC9HVdajgBoc","Fuerza Regida","SABOR FRESA","Rancho Humilde/Street Mob Records",16,-1,24,"2479010",2024-04-11
199,"spotify:track:1mMLMZYXkMueg65jRRWG1l","Luke Combs","When It Rains It Pours","River House Artists/Columbia Nashville",84,-1,102,"2478066",2024-04-11
200,"spotify:track:27a8HLPwti6tmgQ6FR8aVI","Beyoncé","DAUGHTER","Parkwood Entertainment/Columbia",24,24,2,"2476021",2024-04-11
