rank,uri,artist_names,track_name,source,peak_rank,previous_rank,weeks_on_chart,streams
1,"spotify:track:4xhsWYTOGcal8zt0J161CU","Jack Harlow","Lovin On Me","Generation Now/Atlantic",1,15,8,"11166515"
2,"spotify:track:0mflMxspEfB0VbI1kyLiAv","Noah Kahan","Stick Season","Mercury Records/Republic Records",2,24,62,"8512102"
3,"spotify:track:4KULAymBBJcPRpk1yO4dOG","Zach Bryan, Kacey Musgraves","I Remember Everything (feat. Kacey Musgraves)","Warner Records",1,27,19,"8052714"
4,"spotify:track:1BxfuPKGuaTgP7aM0Bbdwr","Taylor Swift","Cruel Summer","Taylor Swift",2,36,60,"7412947"
5,"spotify:track:3rUGC1vUpkDG9CZFHMur1t","Tate McRae","greedy","RCA Records Label",4,33,16,"7302088"
6,"spotify:track:3vkCueOmm7xQDoJ17W1Pm3","Mitski","My Love Mine All Mine","Dead Oceans",3,30,16,"7125296"
7,"spotify:track:1a73gcEg6h6Re6hHXoVltJ","Nicki Minaj","FTCU","Republic Records",7,35,4,"6430695"
8,"spotify:track:5PyDJG7SQRgWXefgexqIge","Doja Cat","Agora Hills","Kemosabe Records/RCA Records",6,40,15,"6040104"
9,"spotify:track:56y1jOTK0XSvJzVv9vHQBK","Doja Cat","Paint The Town Red","Kemosabe Records/RCA Records",1,55,22,"5702584"
10,"spotify:track:4iZ4pt7kvcaH6Yo8UoZ4s2","SZA","Snooze","Top Dawg Entertainment/RCA Records",10,49,56,"5514337"
11,"spotify:track:1udwFobQ1JoOdWPQrp2b6u","JID, 21 Savage, Baby Tate","Surround Sound (feat. 21 Savage & Baby Tate)","Dreamville/Interscope",11,42,13,"5497474"
12,"spotify:track:0R6NfOiLzLj4O5VbYSJAjf","Xavi","La Diabla","Interscope Records",12,59,3,"5458519"
13,"spotify:track:3WMj8moIAXJhHsyLaqIIHI","Zach Bryan","Something in the Orange","Warner Records",4,48,89,"5412109"
14,"spotify:track:2YSzYUF3jWqb9YP9VXmpjE","Drake, Yeat","IDGAF (feat. Yeat)","OVO/Republic",1,45,13,"5217492"
15,"spotify:track:4rXLjWdF2ZZpXCVTfWcshS","Gunna","fukumean","300 Entertainment",1,52,29,"5111626"
16,"spotify:track:7K3BhSpAxZBznislvUMVtn","Morgan Wallen","Last Night","Big Loud Records / Mercury Records / Republic Records",1,60,49,"5012033"
17,"spotify:track:6rjuKpPydT2SxN15TZpV7r","Lil Tecca","500lbs","Galactic Records/Lil Tecca",12,53,17,"4938551"
18,"spotify:track:1kuGVB7EU95pJObxwvfwKS","Olivia Rodrigo","vampire","Olivia Rodrigo PS",1,63,27,"4899848"
19,"spotify:track:7aqfrAY2p9BUSiupwk3svU","Drake, J. Cole","First Person Shooter (feat. J. Cole)","OVO/Republic",2,61,13,"4766946"
20,"spotify:track:6wsqVwoiVH2kde4k4KKAFU","Travis Scott","I KNOW ?","Cactus Jack/Epic",3,67,23,"4692219"
21,"spotify:track:1Qrg8KqiBpW07V7PNxwwwL","SZA","Kill Bill","Top Dawg Entertainment/RCA Records",1,78,56,"4593720"
22,"spotify:track:7KA4W4McWYRpgf0fWsJZWB","Tyler, The Creator, Kali Uchis","See You Again (feat. Kali Uchis)","Columbia",5,71,131,"4562234"
23,"spotify:track:5XVdHRf4CAJ2Jm0uMIy5qY","Xavi","La Víctima","Interscope Records",23,68,5,"4534474"
24,"spotify:track:1Iq8oo9XkmmvCQiGOfORiz","Taylor Swift","Is It Over Now? (Taylor's Version) (From The Vault)","Taylor Swift",1,75,10,"4458358"
25,"spotify:track:1yeB8MUNeLo9Ek1UEpsyz6","Drake, Sexyy Red, SZA","Rich Baby Daddy (feat. Sexyy Red & SZA)","OVO/Republic",11,84,13,"4345633"
26,"spotify:track:5aIVCx5tnk0ntmdiinnYvw","Tyla","Water","FAX Records/Epic",23,102,14,"4239791"
27,"spotify:track:5ZJGv7aGdIr9IGpxzSG18T","Nicki Minaj, Lil Uzi Vert","Everybody (feat. Lil Uzi Vert)","Republic Records",27,74,4,"4224618"
28,"spotify:track:68Dni7IE4VyPkTOH9mRWHr","J. Cole","No Role Modelz","Roc Nation Records LLC",10,85,308,"4103901"
29,"spotify:track:6CvTEtGagmzQvkUzzyKR9k","Fuerza Regida, Marshmello","HARLEY QUINN","Rancho Humilde/Street Mob Records",20,77,10,"4090834"
30,"spotify:track:4E63weMCaNZuGPEFMnuEi8","Tate McRae","exes","RCA Records Label",16,93,7,"3949020"
31,"spotify:track:7CyPwkp0oE8Ro9Dd5CUDjW","The Weeknd, JENNIE, Lily-Rose Depp","One Of The Girls (with JENNIE, Lily Rose Depp)","XO / Republic Records",31,105,6,"3886184"
32,"spotify:track:6WzRpISELf3YglGAh7TXcG","The Weeknd, Playboi Carti, Madonna","Popular (with Playboi Carti & Madonna) - From The Idol Vol. 1 (Music from the HBO Original Series)","XO / Republic Records",16,114,25,"3847967"
33,"spotify:track:3xKsf9qdS1CyvXSMEid6g8","Frank Ocean","Pink + White","Boys Don't Cry",30,101,73,"3758362"
34,"spotify:track:2QjOHCTQ1Jl3zawyYOpxh6","The Neighbourhood","Sweater Weather","Columbia",13,97,176,"3716505"
35,"spotify:track:05WVKTdZhlIMX4qqMLuo0f","Peso Pluma, Anitta","BELLAKEO","Double P Records",35,99,3,"3701250"
36,"spotify:track:2Zo1PcszsT9WQ0ANntJbID","Sabrina Carpenter","Feather","Island Records",36,137,6,"3665558"
37,"spotify:track:17phhZDn6oGtzMe56NuWvj","Teddy Swims","Lose Control","Warner Records",37,115,8,"3662086"
38,"spotify:track:6wf7Yu7cxBSPrRlWeSeK0Q","Billie Eilish","What Was I Made For? [From The Motion Picture ""Barbie""]","Darkroom/Interscope Records",6,103,25,"3650855"
39,"spotify:track:4MjDJD8cW7iVeWInc2Bdyj","Bad Bunny","MONACO","Rimas Entertainment LLC",2,96,12,"3624527"
40,"spotify:track:6dBUzqjtbnIa1TwYbyw5CM","TV Girl","Lovers Rock","TV Girl",40,100,59,"3517478"
41,"spotify:track:5mjYQaktjmjcMKcUIcqz4s","Kenya Grace","Strangers","Warner Records/Major Recordings",17,106,17,"3512379"
42,"spotify:track:6uIIdjYTxxpWOyWuVXrKQO","Calle 24, Chino Pacas, Fuerza Regida","Que Onda","Street Mob Records - Rancho Humilde",40,98,18,"3504833"
43,"spotify:track:0PAcdVzhPO4gq1Iym9ESnK","Morgan Wallen","Thinkin’ Bout Me","Big Loud Records / Mercury Records / Republic Records",9,109,44,"3501663"
44,"spotify:track:42VsgItocQwOQC3XWZ8JNA","Travis Scott, Playboi Carti","FE!N (feat. Playboi Carti)","Cactus Jack/Epic",2,124,23,"3477698"
45,"spotify:track:1vYXt7VSjH9JIM5oRRo7vA","Dua Lipa","Dance The Night - From Barbie The Album","Atlantic Records",9,182,32,"3462427"
46,"spotify:track:17cia5k4BpGVlyEfqrFH50","Olivia Rodrigo","Can’t Catch Me Now - from The Hunger Games: The Ballad of Songbirds & Snakes","Lions Gate Entertainment Inc. under exclusive license to Geffen Records",21,107,9,"3437325"
47,"spotify:track:3IznIgmXtrUaoPWpQTy5jB","TV Girl","Not Allowed","TV Girl",47,94,34,"3415861"
48,"spotify:track:4EWCNWgDS8707fNSZ1oaA5","Kanye West","Heartless","Roc-A-Fella",40,110,118,"3409696"
49,"spotify:track:5W4kiM2cUYBJXKRudNyxjW","Morgan Wallen","You Proof","Big Loud Records / Mercury Records / Republic Records",8,127,86,"3351957"
50,"spotify:track:003vvx7Niy0yvhvHt4a68B","The Killers","Mr. Brightside","Island Records",50,166,175,"3339686"
51,"spotify:track:3cBsEDNhFI9E82vPj3kvi3","Morgan Wallen","Wasted On You","Big Loud / Republic",3,117,154,"3329257"
52,"spotify:track:4KW1lqgSr8TKrvBII0Brf8","Kanye West","Father Stretch My Hands Pt. 1","Rock The World/IDJ/Kanye LP7",52,119,97,"3278693"
53,"spotify:track:3hxIUxnT27p5WcmjGUXNwx","Hotel Ugly","Shut up My Moms Calling","Hotel Ugly, under exclusive license to Amuseio AB",29,123,70,"3257584"
54,"spotify:track:1Lo0QY9cvc8sUB2vnIOxDT","Luke Combs","Fast Car","River House Artists/Columbia Nashville",4,141,41,"3173560"
55,"spotify:track:4pCbJC43j3gSqG6Fen6upD","Zach Bryan, The War And Treaty","Hey Driver (feat. The War and Treaty)","Warner Records",3,132,19,"3164649"
56,"spotify:track:4qmG24ebshLXtKu9HIShBP","Juice WRLD, Eminem, benny blanco","Lace It (with Eminem & benny blanco)","Grade A Productions/Interscope Records",56,88,3,"3162103"
57,"spotify:track:3qQbCzHBycnDpGskqOWY0E","Eslabon Armado, Peso Pluma","Ella Baila Sola","DEL Records",1,113,42,"3136880"
58,"spotify:track:1xK59OXxi2TAAAbmZK0kBL","d4vd","Romantic Homicide","Darkroom/Interscope Records",3,116,74,"3125240"
59,"spotify:track:3azJifCSqg9fRij2yKIbWz","Tory Lanez","The Color Violet","One Umbrella Records",26,134,70,"3123235"
60,"spotify:track:0JXXNGljqupsJaZsgSbMZV","Miguel","Sure Thing","Jive",10,145,65,"3111864"
61,"spotify:track:3EaJDYHA0KnX88JvDhL9oa","Steve Lacy","Dark Red","Three Quarter",16,131,126,"3107840"
62,"spotify:track:5RqSsdzTNPX1uzkmlHCFvK","KAROL G, Peso Pluma","QLONA","Bichota/Interscope Records",16,118,21,"3101594"
63,"spotify:track:7mXuWTczZNxG5EDcjFEuJR","Peso Pluma, Gabito Ballesteros, Junior H","LADY GAGA","Double P Records",7,112,28,"3091572"
64,"spotify:track:7iQXYTyuG13aoeHxGG28Nh","Bad Bunny, Feid","PERRO NEGRO","Rimas Entertainment LLC",10,148,12,"3083138"
65,"spotify:track:2Dct3GykKZ58hpWRFfe2Qd","Zach Bryan","Heading South","Warner Records",36,157,60,"3074609"
66,"spotify:track:1odExI7RdWc4BT515LTAwj","David Kushner","Daylight","Miserable Music Group, LLC",11,138,38,"3048458"
67,"spotify:track:0V3wPSX9ygBnCm8psDIegu","Taylor Swift","Anti-Hero","Taylor Swift",1,159,63,"3048281"
68,"spotify:track:2LBqCSwhJGcFQeTHMVGwy3","The Weeknd","Die For You","Universal Republic Records",8,139,147,"3044856"
69,"spotify:track:3CWq0pAKKTWb0K4yiglDc4","Taylor Swift","You’re Losing Me (From The Vault)","Taylor Swift",7,136,6,"3033567"
70,"spotify:track:3DK6m7It6Pw857FcQftMds","Kanye West, Pusha T","Runaway","Roc-A-Fella",70,129,8,"3028584"
71,"spotify:track:5TRPicyLGbAF2LGBFbHGvO","Kanye West, Dwele","Flashing Lights","Roc-A-Fella",53,146,103,"3013939"
72,"spotify:track:5XeFesFbtLpXzIVDNQP22n","Arctic Monkeys","I Wanna Be Yours","Domino Recording Co",62,143,69,"3000663"
73,"spotify:track:0OWhKvvsHptt6vnnNUSM9a","Zach Bryan","Oklahoma Smokeshow","Warner Records",73,152,25,"2996009"
74,"spotify:track:5fEB6ZmVkg63GZg9qO86jh","PARTYNEXTDOOR","Break from Toronto","OVO Sound",72,144,44,"2982510"
75,"spotify:track:6uTPdRrEDeH8Fyg5L5qmeU","Flo Milli","Never Lose Me","'94 Sounds/RCA Records",75,-1,1,"2942994"
76,"spotify:track:3F5CgOj3wFlRv51JsHbxhe","Drake, 21 Savage","Jimmy Cooks (feat. 21 Savage)","OVO",2,149,81,"2913224"
77,"spotify:track:2HbKqm4o0w5wEeEFXm2sD4","Kendrick Lamar, Jay Rock","Money Trees","Aftermath",41,153,159,"2896272"
78,"spotify:track:5KD6AEm19QnMbfWpfoOHMl","Taylor Swift","Now That We Don't Talk (Taylor's Version) (From The Vault)","Taylor Swift",2,150,10,"2889972"
79,"spotify:track:5Se32hEA9raeboZerywxka","Drake","You Broke My Heart","OVO/Republic",12,158,7,"2872331"
80,"spotify:track:0cVyQfDyRnMJ0V3rjjdlU3","Paul Russell","Lil Boo Thang","Arista Records",80,-1,1,"2865501"
81,"spotify:track:1R0a2iXumgCiFb7HEZ7gUE","Taylor Swift","Don’t Blame Me","Big Machine Records, LLC",49,168,74,"2824895"
82,"spotify:track:0JmnkIqdlnUzPaf8sqBRs3","Kali Uchis","Moonlight","Geffen Records",27,163,45,"2809556"
83,"spotify:track:1OG7o5af3ILKrFkp7pvvb0","The Red Clay Strays","Wondering Why","Red Clay Strays",83,151,5,"2799180"
84,"spotify:track:4Dvkj6JhhA12EX05fT7y2e","Harry Styles","As It Was","Columbia",1,-1,89,"2776538"
85,"spotify:track:22VHOlVYBqytsrAqV8yXBK","Noah Kahan, Post Malone","Dial Drunk (with Post Malone)","Mercury Records/Republic Records",13,174,25,"2775804"
86,"spotify:track:2kE2HFBFkJ0VMw3igxYohz","Jessie Murph, Jelly Roll","Wild Ones (feat. Jelly Roll)","Columbia",86,169,13,"2768140"
87,"spotify:track:1s7oOCT8vauUh01PbJD6ps","Rema, Selena Gomez","Calm Down (with Selena Gomez)","Mavin Records / Jonzing World",25,-1,64,"2737161"
88,"spotify:track:0vjeOZ3Ft5jvAi9SBFJm1j","Metro Boomin, Future, Chris Brown","Superhero (Heroes & Villains) [with Future & Chris Brown]","Republic Records",2,161,57,"2732641"
89,"spotify:track:5gDWsRxpJ2lZAffh5p7K0w","The Weeknd, Lana Del Rey","Stargirl Interlude","Universal Republic Records",56,176,79,"2700566"
90,"spotify:track:0ofHAoxe9vBkTCp2UQIavz","Fleetwood Mac","Dreams - 2004 Remaster","Rhino/Warner Records",6,-1,155,"2691534"
91,"spotify:track:2XHzzp1j4IfTNp1FTn7YFg","Lil Wayne, Drake, Future","Love Me","CM/Republic",91,181,31,"2691340"
92,"spotify:track:1dGr1c8CrMLDpV6mPbImSI","Taylor Swift","Lover","Taylor Swift",1,192,58,"2663112"
93,"spotify:track:3hRV0jL3vUpRrcy398teAU","Lord Huron","The Night We Met","IAMSOUND",48,167,89,"2656553"
94,"spotify:track:4QTlxavdQGUVitxAvQqqkU","BigXthaPlug","Mmhmm","BigXthaPlug under exclusive license to UnitedMasters LLC",94,199,3,"2649658"
95,"spotify:track:6dgUya35uo964z7GZXM07g","Sabrina Carpenter","Nonsense","Island Records",15,-1,51,"2624872"
96,"spotify:track:2OWv3lRR8PtOVuHWzQNRs2","Peso Pluma, Junior H, Oscar Maydon","ROMPE LA DOMPE","2023 Double P Records",96,-1,1,"2624479"
97,"spotify:track:6me7F0aaZjwDo6RJ5MrfBD","Richy Mitch & The Coal Miners","Evergreen","Richy Mitch & The Coal Miners",97,184,15,"2619150"
98,"spotify:track:3IX0yuEVvDbnqUwMBB3ouC","Olivia Rodrigo","bad idea right?","Olivia Rodrigo PS",1,188,21,"2614607"
99,"spotify:track:42TtHTxWk782ZBiqyOi2d1","Zach Bryan, Maggie Rogers","Dawns (feat. Maggie Rogers)","Warner Records",17,180,30,"2585562"
100,"spotify:track:0yc6Gst2xkRu0eMLeRMGCX","Cigarettes After Sex","Apocalypse","Partisan Records",49,173,74,"2584917"
101,"spotify:track:0RiRZpuVRbi7oqRdSMwhQY","Post Malone, Swae Lee","Sunflower - Spider-Man: Into the Spider-Verse","Republic Records",1,194,268,"2572366"
102,"spotify:track:5rtpGGu3bPKsJEFjDGs63M","Sophie Ellis-Bextor","Murder On The Dancefloor","Polydor Records",102,-1,1,"2566892"
103,"spotify:track:6QeYSvYqYUsfBzsApbjDHO","TV Girl","Cigarettes out the Window","TV Girl",102,154,11,"2561672"
104,"spotify:track:4kjI1gwQZRKNDkw1nI475M","Travis Scott","MY EYES","Cactus Jack/Epic",8,-1,10,"2561438"
105,"spotify:track:2UikqkwBv7aIvlixeVXHWt","Chris Stapleton","You Should Probably Leave","Mercury Nashville",105,-1,28,"2552603"
106,"spotify:track:4R2kfaDFhslZEMJqAFNpdd","Taylor Swift","cardigan","Taylor Swift",1,190,66,"2530815"
107,"spotify:track:58ge6dfP91o9oXMzq3XkIS","Arctic Monkeys","505","Domino/Warner Records",18,185,155,"2515635"
108,"spotify:track:2J6OF7CkpdQGSfm1wdclqn","Brent Faiyaz","Clouded","Lost Kids",39,186,64,"2499482"
109,"spotify:track:2yzshFeBIwH8tWIqHEFLeD","Grupo Frontera, Bad Bunny","un x100to","Grupo Frontera",2,-1,37,"2495222"
110,"spotify:track:7KokYm8cMIXCsGVmUvKtqf","Taylor Swift","Karma","Taylor Swift",5,-1,57,"2493113"
111,"spotify:track:1DgtQlVNotingln271ZKCx","Chris Stapleton","White Horse","Mercury Nashville",45,-1,9,"2488013"
112,"spotify:track:7yq4Qj7cqayVTp3FF9CWbm","Vance Joy","Riptide","Atlantic Records",95,-1,41,"2463184"
113,"spotify:track:7MXVkk9YMctZqd1Srtv4MB","The Weeknd, Daft Punk","Starboy","Universal Republic Records",3,197,141,"2459724"
114,"spotify:track:5jfhLCSIFUO4ndzNRh4w4G","Zach Bryan","Burn, Burn, Burn","Warner Records",68,198,21,"2457063"
115,"spotify:track:1RzjXhgnzqb3dMa5852itx","Peso Pluma, Tito Double P","LA PEOPLE","Double P Records",115,164,8,"2455766"
116,"spotify:track:2HRgqmZQC0MC7GeNuDIXHN","Jung Kook, Latto","Seven (feat. Latto) (Explicit Ver.)","BIGHIT MUSIC",3,-1,23,"2453425"
117,"spotify:track:43iIQbw5hx986dUEZbr3eN","Laufey","From The Start","Laufey",45,-1,24,"2441347"
118,"spotify:track:3E7dfMvvCLUddWissuqMwr","Miley Cyrus","Party In The U.S.A.","Hollywood Records",44,-1,38,"2423601"
119,"spotify:track:7rbECVPkY5UODxoOUVKZnA","Kanye West","I Wonder","Roc-A-Fella",57,183,41,"2415165"
120,"spotify:track:7fBv7CLKzipRk6EC6TWHOB","The Weeknd","The Hills","Universal Republic Records",27,-1,118,"2409002"
121,"spotify:track:67nepsnrcZkowTxMWigSbb","Travis Scott, Drake","MELTDOWN (feat. Drake)","Cactus Jack/Epic",1,195,23,"2394525"
122,"spotify:track:3QFInJAm9eyaho5vBzxInN","Baby Keem, Kendrick Lamar","family ties (with Kendrick Lamar)","Columbia",8,-1,122,"2386754"
123,"spotify:track:3fqwjXwUGN6vbzIwvyFMhx","Chris Stapleton","Tennessee Whiskey","Mercury Nashville",92,-1,135,"2382769"
124,"spotify:track:2KslE17cAJNHTsI2MI0jb2","Jung Kook","Standing Next to You","BIGHIT MUSIC",19,-1,8,"2380611"
125,"spotify:track:7sO5G9EABYOXQKNPNiE9NR","Offset, Metro Boomin","Ric Flair Drip (with Metro Boomin)","Slaughter Gang, LLC/Epic/Quality Control Music/Motown/Capitol/Boominati Worldwide/Republic",4,-1,205,"2376054"
126,"spotify:track:2dHHgzDwk4BJdRwy9uXhTO","Metro Boomin, The Weeknd, 21 Savage","Creepin' (with The Weeknd & 21 Savage)","Republic Records",1,189,57,"2361358"
127,"spotify:track:3pXF1nA74528Edde4of9CC","Bryson Tiller","Don't","TrapSoul/RCA Records",82,-1,115,"2358469"
128,"spotify:track:1TE8AAk9koG0UJco6ZAUfx","Bailey Zimmerman","Rock and A Hard Place","Warner Music Nashville/Elektra",26,-1,79,"2357714"
129,"spotify:track:2Hh3ETdQKrmSI3QS0hme7g","Metro Boomin, Future, Don Toliver","Too Many Nights (feat. Don Toliver & with Future)","Republic Records",10,-1,56,"2354661"
130,"spotify:track:4PMqSO5qyjpvzhlLI5GnID","SZA","Good Days","Top Dawg Entertainment/RCA Records",1,-1,126,"2346677"
131,"spotify:track:5UWwZ5lm5PKu6eKsHAGxOk","Foo Fighters","Everlong","RCA Records Label",60,-1,73,"2339535"
132,"spotify:track:5wG3HvLhF6Y5KTGlK0IW3J","Metro Boomin, Travis Scott, Young Thug","Trance (with Travis Scott & Young Thug)","Republic Records",20,-1,49,"2335194"
133,"spotify:track:51hyZpbJlIgZIaX3TtMxmu","Tate McRae","run for the hills","RCA Records Label",48,187,4,"2332491"
134,"spotify:track:7DSAEUvxU8FajXtRloy8M0","Miley Cyrus","Flowers","Columbia",1,-1,42,"2330259"
135,"spotify:track:4I4G0LD277PWvfblYtSf91","Nicki Minaj, Drake","Needle (feat. Drake)","Republic Records",26,156,4,"2324670"
136,"spotify:track:7FIWs0pqAYbP91WWM0vlTQ","Eminem, Juice WRLD","Godzilla (feat. Juice WRLD)","Shady/Aftermath/Interscope Records",2,170,102,"2323617"
137,"spotify:track:6pcywuOeGGWeOQzdUyti6k","21 Savage, Metro Boomin","Glock In My Lap","Slaughter Gang, LLC/Epic/Boominati Worldwide/Republic",8,-1,64,"2319472"
138,"spotify:track:4tqcoej1zPvwePZCzuAjJd","J. Cole","Wet Dreamz","Roc Nation Records LLC",69,-1,115,"2310179"
139,"spotify:track:4S4QJfBGGrC8jRIjJHf1Ka","PinkPantheress","Pain","Parlophone UK",48,-1,32,"2307348"
140,"spotify:track:0bILU0UiNDmA5Ff6whhb2R","Bailey Zimmerman","Religiously","Warner Music Nashville/Elektra",23,-1,27,"2300931"
141,"spotify:track:6PGoSes0D9eUDeeAafB2As","Kendrick Lamar, Zacari","LOVE. FEAT. ZACARI.","Aftermath",5,-1,163,"2285007"
142,"spotify:track:5CCr8msaN3MhgqBoa9yWhH","PinkPantheress, Ice Spice","Boy's a liar Pt. 2","Warner Records",1,-1,43,"2266657"
143,"spotify:track:3EvZ03hGAFwGZ2Ebcu86YH","Zach Bryan","Tourniquet","Warner Records",10,-1,15,"2264455"
144,"spotify:track:5BbdKBZO0TH0GhfxUfyhL9","Lil Baby","Freestyle","Quality Control Music (Caroline)",46,-1,78,"2263526"
145,"spotify:track:3hUxzQpSfdDqwM3ZTFQY0K","Taylor Swift","august","Taylor Swift",6,-1,56,"2263324"
146,"spotify:track:1i9lZvlaDdWDPyXEE95aiq","Travis Scott, SZA, Future","TELEKINESIS (feat. SZA & Future)","Cactus Jack/Epic",13,-1,22,"2257420"
147,"spotify:track:1bDbXMyjaUIooNwFE9wn0N","Drake, 21 Savage","Rich Flex","OVO / Republic Records",1,-1,59,"2250398"
148,"spotify:track:4SqWKzw0CbA05TGszDgMlc","The Walters","I Love You So","Warner Records",9,-1,70,"2243911"
149,"spotify:track:6foY66mWZN0pSRjZ408c00","Morgan Wallen","Whiskey Glasses","Big Loud Records",43,-1,237,"2236479"
150,"spotify:track:1zi7xx7UVEFkmKfv06H8x0","Drake, Wizkid, Kyla","One Dance","Cash Money Records/Young Money Ent./Universal Rec.",13,-1,82,"2233229"
151,"spotify:track:5odlY52u43F5BjByhxg7wg","JVKE","golden hour","JVKE",8,-1,69,"2228506"
152,"spotify:track:1SjsVdSXpwm1kTdYEHoPIT","Zach Bryan","Sun to Me","Warner Records",51,-1,38,"2227703"
153,"spotify:track:0VjIjW4GlUZAMYd2vXMi3b","The Weeknd","Blinding Lights","Republic Records",1,-1,181,"2227291"
154,"spotify:track:4VXIryQMWpIdGgYR4TrjT1","Juice WRLD","All Girls Are The Same","Juice WRLD Mixtape / ISR P&D",13,-1,266,"2223474"
155,"spotify:track:0O3U5iwTbiXCREMkvotJuN","Grupo Frontera, Grupo Firme","EL AMOR DE SU VIDA","Grupo Frontera",108,-1,8,"2222827"
156,"spotify:track:3eP13S8D5m2cweMEg3ZDed","Drake","Virginia Beach","OVO/Republic",3,-1,12,"2221443"
157,"spotify:track:103u49mLoJUge83B1CnLxI","HARDY","TRUCK BED","Big Loud Records / Big Loud Rock",125,-1,17,"2218029"
158,"spotify:track:4osgfFTICMkcGbbigdsa53","Frank Ocean","Novacane","Red Zone Entertainment / IDJ",90,-1,28,"2216406"
159,"spotify:track:5FkoSXiJPKTNyYgALRJFhD","Baby Keem","ORANGE SODA","Baby Keem LLC",54,-1,75,"2215651"
160,"spotify:track:7H0ya83CMmgFcOhw0UB6ow","Beach House","Space Song","Sub Pop Records",47,-1,118,"2209432"
161,"spotify:track:0W4NhJhcqKCqEP2GIpDCDq","Keyshia Cole","Love","A&M (UC)",150,-1,3,"2209401"
162,"spotify:track:71BqAINEnezjQfxE4VuJfq","Taylor Swift","""Slut!"" (Taylor's Version) (From The Vault)","Taylor Swift",3,-1,9,"2199398"
163,"spotify:track:6iiCzEd1ULpq7nXbZVQ4pi","310babii","soak city (do it)","HIGH IQ / EMPIRE",163,-1,1,"2197347"
164,"spotify:track:4k6Uh1HXdhtusDW5y8Gbvy","Steve Lacy","Bad Habit","L-M Records/RCA Records",1,-1,77,"2190121"
165,"spotify:track:4OMJGnvZfDvsePyCwRGO7X","Dua Lipa","Houdini","Warner Records",18,-1,5,"2183394"
166,"spotify:track:4RvWPyQ5RL0ao9LPZeSouE","Tears For Fears","Everybody Wants To Rule The World","UMC (Universal Music Catalogue)",49,-1,75,"2179382"
167,"spotify:track:6gBFPUFcJLzWGx4lenP6h2","Travis Scott","goosebumps","Cactus Jack / Epic",8,-1,275,"2176529"
168,"spotify:track:2wAJTrFhCnQyNSD3oUgTZO","J. Cole","Work Out","Roc Nation LLC",101,-1,68,"2176463"
169,"spotify:track:2gyxAWHebV7xPYVxqoi86f","Olivia Rodrigo","get him back!","Olivia Rodrigo PS",4,-1,12,"2148675"
170,"spotify:track:3dYD57lRAUcMHufyqn9GcI","Hozier","Take Me to Church","Columbia",141,-1,19,"2137987"
171,"spotify:track:0MIp9iBm1V41ERxkZnmSUG","Warren Zeiders","Pretty Little Poison","Warner Records",171,-1,1,"2132103"
172,"spotify:track:4lH6nENd1y81jp7Yt9lTBX","Future","Solo","Epic/Freebandz/A1",123,-1,21,"2125793"
173,"spotify:track:0fCwTrRNfoNk962ati8n2K","Tyler Childers","All Your'n","Hickman Holler Records/RCA Records",115,-1,39,"2122842"
174,"spotify:track:1aXV8GrmQLvgoFtBPERP7E","Eyedress","Jealous","Lex Records",164,-1,20,"2118448"
175,"spotify:track:3USxtqRwSYz57Ewm6wWRMp","Glass Animals","Heat Waves","Polydor Records",1,-1,150,"2117651"
176,"spotify:track:4Ls53fBNVfaXTROBi6X8Hw","Lil Uzi Vert","Just Wanna Rock","Generation Now/Atlantic",5,-1,55,"2116987"
177,"spotify:track:39sDitIeCMrVX2QyXHY46t","TV Girl","Blue Hair","TV Girl",94,-1,19,"2114293"
178,"spotify:track:59nOXPmaKlBfGMDeOVGrIK","Future, Drake, Tems","WAIT FOR U (feat. Drake & Tems)","Epic/Freebandz",3,-1,85,"2104890"
179,"spotify:track:5mCPDVBb16L4XQwDdbRUpz","Drake","Passionfruit","Cash Money Records/Young Money Ent./Universal Rec.",1,-1,123,"2097449"
180,"spotify:track:3GCdLUSnKSMJhs4Tj6CV3s","Kendrick Lamar, SZA","All The Stars (with SZA)","Black Panther (TDE/DMG) PS",2,-1,69,"2084092"
181,"spotify:track:2QfX9Pdz3q66fN3kCXl0Js","Zach Bryan","Revival","Warner Records",124,-1,14,"2079807"
182,"spotify:track:01Lr5YepbgjXAWR9iOEyH1","Chief Keef","Love Sosa","UMGRI Interscope",44,-1,59,"2077608"
183,"spotify:track:1zv3WFUbZ5vPxFq9I2jAU1","Rihanna, Calvin Harris","We Found Love","Def Jam Recordings",32,-1,4,"2076635"
184,"spotify:track:2gam98EZKrF9XuOkU13ApN","Nelly Furtado, Timbaland","Promiscuous","Mosley / Geffen",142,-1,8,"2072940"
185,"spotify:track:0f8eRy9A0n6zXpKSHSCAEp","Steve Lacy","Infrunami","L-M Records",109,-1,24,"2067568"
186,"spotify:track:7DfFc7a6Rwfi3YQMRbDMau","Frank Ocean","Thinkin Bout You","Red Zone Entertainment / IDJ",186,-1,1,"2062403"
187,"spotify:track:285pBltuF7vW8TeWk8hdRR","Juice WRLD","Lucid Dreams","Juice WRLD Mixtape / ISR P&D",1,-1,252,"2061982"
188,"spotify:track:3sNVsP50132BTNlImLx70i","Kanye West","Bound 2","Rock The World/IDJ/Kanye/LP6",20,-1,92,"2056011"
189,"spotify:track:1K39ty6o1sHwwlZwO6a7wK","Taylor Swift","Wildest Dreams (Taylor's Version)","Taylor Swift",10,-1,17,"2055640"
190,"spotify:track:2UW7JaomAMuX9pZrjVpHAU","Yng Lvcas, Peso Pluma","La Bebe - Remix","WM Mexico",4,-1,35,"2049682"
191,"spotify:track:6vN77lE9LK6HP2DewaN6HZ","Lil Baby, Drake","Yes Indeed","Quality Control Music, LLC",2,-1,168,"2048236"
192,"spotify:track:0YsGMHid6sFq5PcToe3JZE","Childish Gambino","Les","Glassnote Entertainment Group LLC",167,-1,7,"2041183"
193,"spotify:track:70LcF31zb1H0PyJoS1Sx1r","Radiohead","Creep","XL Recordings",129,-1,16,"2040104"
194,"spotify:track:6RcAHyC5sAUIbPTkhOQwd8","Junior H","Y LLORO","WEA Latina",101,-1,8,"2039317"
195,"spotify:track:5DQU4Fmdx7Hs7pwtcZMSTK","Cody Johnson","The Painter","CoJo Music/Warner Music Nashville",168,-1,2,"2039066"
196,"spotify:track:5g7sDjBhZ4I3gcFIpkrLuI","Bruno Mars","Locked out of Heaven","Atlantic Records",122,-1,6,"2035408"
197,"spotify:track:73zawW1ttszLRgT9By826D","Morgan Wallen, Eric Church","Man Made A Bar (feat. Eric Church)","Big Loud Records / Mercury Records / Republic Records",13,-1,12,"2033325"
198,"spotify:track:086myS9r57YsLbJpU0TgK9","Arctic Monkeys","Why'd You Only Call Me When You're High?","Domino Recording Co",111,-1,23,"2032700"
199,"spotify:track:7GX5flRQZVHRAGd6B4TmDO","Lil Uzi Vert","XO Tour Llif3","Generation Now/Atlantic",2,-1,269,"2029929"
200,"spotify:track:4loIMejzvt11s97SGVEat8","Xavi, Los Dareyes De La Sierra","Poco A Poco","Interscope Records",200,-1,1,"2027993"
